2	Mangahere
5	ReadManga
6	MintManga
7	MangaChan
11	Japscan
28629678708276	Hentai Season
3147518065805706	MangaForFree.net
11864058740306611	Ler 999
13019989243414985	Lami-Manga
15083818169656208	Mgread.io
20045885295638720	Petrotechsociety
27704135061035291	Frieren Online
28198508135984457	Manhwa18
28664779574072063	Cartoon18
34408487862399605	Manga Ball
35546023386335815	Manga Ball
49558592523574241	3Hentai
58328287106519523	ReadAllComics
58992897252080929	KokoMangas
72800122520214493	MangaDex
73579729889528478	KuroMangas
77326570497325152	Akuma
80073424419623517	Mist Scans
80965277100704155	Luscious
89188894348015097	Lunar Manga
116946528518438525	喵趣漫画
117702463567484484	Manga Ball
124967435702149192	eBookJapan
141171756957474060	Mundo Hentai
148102640598931038	LupiTeam
151111346668901230	Luscious
152314873890577786	Manhatic
155525085323453412	Scantrad Union
162182610453532778	Young Champion
164535712016830416	MyReadingManga
170542391855030753	小黄书
174388226839740265	Asura Scans TR
177448809266948921	YSK Comics
186393818771246102	Akuma
202981519301875762	HentaiHand
203984087587807085	Rimu Scans
215476983335793342	Manga Ball
215553151312092548	MangaTime
215773824303536035	Lunar Manga
216201039129437954	MangaIsekaiThai
218928749727744731	Comic Grast
225835804698740720	Photos18
241129525014815798	League of Legends
253007717341293260	Kagane
259350817779848434	HentaiHand
263040414613624318	Rackus
264934399418113929	Luscious
267710359229814456	FuryoSquad
273341846992513187	Saikai Scan
279262715881564190	HentaiZap
279282683217001983	Pepper&Carrot
282587253597010652	The Library of Ohara
285164574089229147	Clown Corps
286088605022156276	MangaBolt
288706940180085416	Greed Scans
293789630396851172	动漫屋
296214928329015811	NamiComi
298934354390867671	Simply Hentai
299423548273637501	Comic Growl
299569391162966579	HentaiHand
323105186892383931	Loner Translations
335499577904379512	مانجا اون لاين
340055543197648554	Café com Yaoi
341676138799608238	IMHentai
346019099366213894	Sabrina Online
351350516671223209	HentaiEnvy
356192691213044104	Luscious
358347131669055728	MangaKimi
359674482170560410	3Hentai
360108012210956342	Catoons
368848319592333339	Top Manhua
370316150648855996	Danke fürs Lesen
370653027333714265	Alpha Manga
371640888113435809	Toomics (Only free chapters)
373755159908438683	3Hentai
374080003312345029	Comikey
380479987909263478	League of Legends
381670977542268077	Acervo Hentai
385228898502560286	小黄书
388932303664463452	SACACHISPA
392245224742696225	HentaiHand
392262758488714109	如漫画
392961957042768607	MangaworldAdult
397029358682805931	ManhwaBuddy
398037379041422243	HentaiFantasy
401563321854321005	TruyenTuoiTho
404674447362480247	BarManga
408151224123746617	MangaDia
419728421305339582	3Hentai
419822582289753882	Nyx Scans
422195356897516502	Tanuki-Manga
424606783143704524	Reader Store
425785191804166217	MangaDex
427734044452073936	Athrea Scans
438359803442833644	NovelCool
438553037668091848	ONF MANGAS
440952493414630310	Ulas Comic
454381816904772144	Hijala Scans
455290087526139932	Eski Mangalar
474754362133655719	HentaiHand
475788948976592183	Kazoku Den
491094567635736188	Cyanide & Happiness
492049561920540214	MissKon
492596911850505683	ManhwaRead
493846804748918744	Twi4
499082788596590240	Comic Asura
501810935334397655	Comic Fury
514127183927359583	MangaNova
514187608699312366	BaoBua
516402804198118822	Comic Ryu
520535890722709208	IMHentai
524110931382140732	MangaFire
524579092615598717	再漫画
525585394857906081	Dragon Ball Multiverse
534693024654050396	ToonBr
538178062602483073	Kagane
540252682818453285	Manga-Scantrad
542325806354392983	Hora Hentai
546920749196078093	Hayalistic
547003087261446586	Lunar Manga
551908063793499841	Astratoons
560822675588930101	NHentai.xxx
561830040001881975	Writer Scans
568631194803448549	Lunar Manga
569401976641132670	NamiComi
569821715369244319	ComicK Fanmade
583369548372015159	Magazine Pocket
587361422129220750	Vanilla Scans
588678420372440028	Manga Livre Blog
593241987912872030	Hachirumi
601889634773560665	MangaMen
609477585841458199	Inventario Oculto
615885128031081811	Manga Ball
618830122769950563	ManhwaZone
626267698662819838	Aqua Manga
627361661169334808	PandaChaika
637793516114361627	Pramramadhan
645302785022492537	KimiComi
646324426926500624	Kabus Manga
647637185891033517	HentaiEra
651625426989893977	ManhwaZ
666623320329622877	Simply Hentai
669095474988166464	Dynasty Scans
670820877691078900	AKAYA
677370205708439700	Temaki mangás
678343830630527432	MangaNel
680772027911898954	GlobalComix
684582342346256208	Existential Comics
685390685036083849	3Hentai
687150405919946955	Manhwa18.Net
688847276247637882	Luna Pieces
690969786104967218	Lunar Manga
697820552173578283	Manga UP! (Japan)
698506559036250327	Lector Asteria
698913079501532785	RavenManga
703138310497011533	OSOSEDKI
711368877221654433	Manga Mukai
712011166912060070	MangaYi
713326856395200688	SchaleNetwork
723436680125197351	NamiComi
726858430404746545	Anime GDR Club
734404203508686053	Art Lapsa
734619124437406170	KomikIndo.co
734865402529567092	MangaGeko
735260312965788798	Manga-shi
737986167355114438	MangaDex
743599002989616408	Manhatok
748167751985747523	Go Manga
752674984993743406	Simply Hentai
758400875161895515	MangaFire
760062745121170981	DailySuka
764587568075398530	MangaDex
774030471139699415	GoDa漫画
778073414277513172	Natsu
784276282691018699	Tao Sect
792932060924485302	Komiic
793390858613993949	Lunar Manga
797946349800265191	Manhuarm
808850989053853006	Read Jujutsu Kaisen Manga Online
809292874146405153	Kodansha
813084616937908482	FOD
823638192569572166	CBHentai
828698548689586603	MangaYY
829053423099062956	Mangas No Sekai
829250309114015686	Astral Scans
830150807344972132	RokariComics
831567442922111170	Izanami Scans
834994810873638550	SingManga
846921309315987472	OneManga.info
855054225815309342	MangaNow
855674716623999161	Read Horimiya Online
857003208346192351	GlobalComix
862941840467210819	Manhwa Indo
866133291730804205	HentaiHand
868511056418443637	MangaToday
868801900692890109	GlobalComix
876756264275379458	Shijie Scans
886527590434722171	Despair Manga
893747327087652119	ZetTruyen
897097334505121559	One Punch Man Online
917436262447415426	Hijala
918460697583900080	مانجا ليك
918523496924275699	HentaiXDickgirl
918989295758523524	HentaiEnvy
923206914242009120	XYZ Comics
924359643993288771	Manga Stop
925868633785419090	Wurmz
931953325247032113	Mangas Brasuka
932564577108614127	MANGA Plus by SHUEISHA
934565583439501324	GantzVN
941207398290674942	InkStory
948056929092229440	HentaiDex
954368055061084457	MangaDex
954997815643613941	Comivex
955691323709162100	Thỏ Ham Ngủ
958100198677584835	Comic CX
958417049187203678	MangaToon (Limited)
961340698570426919	NamiComi
972271455406675873	Lua Scans
972717448578983812	Komik Cast
977626289899996655	Hipertoon
984224034780344743	H-Comic
987306860406766740	xkcd
987786689720213769	Hanami Heaven
987803387023224960	MangaDex
993336618407081332	Manhwa18.cc
1001519209586733699	nHentai.com (unoriginal)
1002111777562806129	izneo
1004520286290933688	NamiComi
1006356371941619891	Manga Mura
1008382500205235233	Kagane
1011491016492324749	MangaTek
1014180023829533732	SoaiCaComic
1019943013243665332	CulturedWorks
1024617013674150903	Es.Mi2Manga
1024627298672457456	Manganato
1031213229391436059	IsekaiKomik
1039830224122325226	Dưa Leo Truyện
1044418267385230402	Niadd
1049245690865797006	HentaiHand
1055804712296309124	HentaiRead.io
1056568527385317039	Ohta Web Comic
1057298314437889941	Digital Comic Museum
1061544757733451419	Read One Piece Manga Online
1061713767402958340	Genz Toons
1062606379654091909	Muito Hentai
1063521896373496908	Honeytoon
1066937743995646358	Manga Zegra
1067821280191897902	Tranh18
1073624495230267708	مانجا العاشق
1077630719925082256	Comic Border
1081764220356482621	The Library of Ohara
1082062847119890629	Playmate Hunter
1089473637776666044	HentaiXYuri
1095063608575855195	Comick (Unoriginal)
1099222169691387069	Mangaforfree.com
1099564256126272699	Akuma
1103204227230640533	Comics Valley
1106049048608045535	Dragon Ball Multiverse
1108163814448330624	Lura Toon
1108925046016173676	Evil production
1111043926688521377	ManhuaBug
1114173092141608635	Com-X
1123824014117121209	NamiComi
1124131000360667434	Scythe Scans
1125922332535233758	NamiComi
1132983959765816866	3Hentai
1133911619191823359	Manga Ball
1136717301008230074	Submanhwa
1139058264127464070	GlobalComix
1144495813995437124	nHentai.com (unoriginal)
1145415569668934781	Kaizen Scan
1145824452519314725	MangaDex
1147556681248758139	TodayManga
1153502662292268302	Sasangeyou
1157710231944574609	Kagane
1163192659786040070	NamiComi
1166901607721102706	Top Truyen
1187989220698209376	GlobalComix
1188951475836296058	Comic Boost
1191404418837235865	HentaiEnvy
1201694572804778862	Mangafreak
1203016038113719139	Webcomics
1206358177665528952	Mangadusleri
1210328269637877420	Komikindo
1211137741907860722	MLBB Lore Comics
1213201447439140959	Türkçe Manga Oku
1222039348961733003	C'moA
1228130671216317629	Leslie&Victims
1235047015955289468	HentaiHand
1242615521765763940	Comick (Unoriginal)
1245067583654716116	RichtoScan
1261665235729689526	Colorcito Scan
1264036757248780997	Zazamanga
1272917377169479980	Lunar Manga
1281315089117038639	Armageddon
1281902081932329042	Manga Livre.to
1284110018292651928	Gistamis House
1286073245950890830	MANGA Plus by SHUEISHA
1289819859468493242	Magical Translators
1311262507446028482	Naver Webtoon
1316015886884953118	Luvyaa
1322991157305499061	Comiplex
1325846979854909240	GlobalComix
1325956500558078102	NamiComi
1326600535134927871	Team Shadowi
1330793582354406642	Read Fairy Tail & Edens Zero Manga Online
1331353277450289630	GlobalComix
1334492919632049277	HOLONOMETRIA
1335726222164693622	GlobalComix
1337874080374168573	HentaiHand
1346985078461508977	SummerToon
1347402746269051958	MangaDex
1348827658894665970	Ragnarok Scanlation
1353606378087565589	Manga18.me
1359904074588349344	MeDamTruyen
1368670128695001652	GirlsTop
1369970040009723082	Niadd
1373514020932708527	Monochrome Custom
1374366734159205648	Read Solo Leveling Manga Manhwa Online
1381583102051609700	Koreli Manga
1383462828430089842	Luscious
1383489648660567366	هنتاي سلاير
1384625280015637699	Mangakawaii
1395072850055110585	Darths & Droids
1396426423555611180	AComics
1397842818609440667	HentaiZap
1398057210066455013	Comic Nettai
1401973320108574400	NamiComi
1404231504220588104	NamiComi
1406386535599331231	MangaHe
1406651071058914280	NamiComi
1408140394859123923	ExHentai.net.br
1410750574939174515	Nebulosa Scan
1411768577036936240	MangaDex
1420213267345607410	Lolivault
1422819830508615430	Akuma
1424273154577029558	MangaDex
1430309870605719983	NovelCool
1434289653753200808	ChoChoX
1435103006121310663	Buon Dua
1435116756378369709	TCB Scans
1438773694780928937	HentaiHand
1445343849143422351	Leitura Mangá
1446884092638094471	Dragon Ball Multiverse
1448906013733277368	Manga Ball
1452408892924080686	Nicovideo Seiga
1452500215874655811	Senkuro
1455091782657313638	Revistas e Quadrinhos
1458993267006200127	FoxTruyen
1459635082044256286	PornPics
1467355738916791140	Gangan Online
1470847599087460255	Cubari
1471112097704477289	香香腐宅
1471532184931679941	Kagane
1471784905273036181	MangaDex
1475942648540931708	Koreli Scans
1479830960881750685	Tortuga Ceviri
1480472727871484054	Harem de Kira
1480743237782384863	MayoTune
1483013328567191791	Multporn
1484902275639232927	SchaleNetwork
1486822823904297379	Webtoons.com
1493666528525752601	MangaDex
1497838059713668619	Yomu Comics
1502370949450941405	Randowiz
1503074002208879050	MeHentai
1520913911854846698	92漫画
1524915323009957887	NamiComi
1528177119657303302	Manga-Corporation
1532456597012176985	Ikiru
1533901034425595323	EternalMangas
1533969146563051444	3Hentai
1534451209269193504	Omega Scans
1538249443376436084	xkcd
1548462712480376358	Orcku Mangas
1553736397938752611	MangaDex
1555415289901855998	Loading Artist
1555837267200004397	Manga Ball
1557304490417397104	Kaguya
1567267056564602747	Lunar Manga
1571842183434448758	Ragnar Scans
1573550798452063564	MangaDex
1581110056159285576	Toonily.me
1585589665574145721	Ciao Plus
1589747287364201069	Magus Manga
1596411039134168890	Olympus Scanlation
1598762687295904337	BokugenTranslation
1600533831542201953	IMHentai
1601772753251290758	LepoyTL
1615599506055429686	Pantheon Scan
1617144019668124895	League of Legends
1618337326936347760	Dragon Ball Multiverse
1619259951234748770	NovelCool
1620136505388614489	ManhwaHub
1626637101814976364	Dat-Gar Scan
1630897072449336068	MangaCloud
1633661983859923604	3Hentai
1636954121036022614	Yomu Mangás
1637952806167036168	优酷漫画
1639829368022947378	HQ Now!
1641160681602874924	Arthur Scan
1644770244825001357	GlobalComix
1645729642561182833	ReYume
1647077515907093606	Hentai3z.CC
1647179844716143786	Love4u
1650720534254409337	Dark Legacy Comics
1651657038100823298	PandaChaika
1652448748031658277	Bakai
1665334647759224307	NamiComi
1665825055279512321	NamiComi
1669762383546832433	Zenith Scans
1678128543826757763	Bbato
1680248666203661128	TOPTOON頂通
1684620622390751911	Comikey
1686869715645322994	WaManga
1688373109141386238	Nika Toons
1698654724978495521	Luminare Translations
1698910827692369662	Mahouirexnohentaikarte
1702733805309857480	Lunar Manga
1702911211040495914	GlobalComix
1707768678643970514	Akuma
1713554459881080228	MangaDex
1720654391539317254	Kagane
1720815810677381837	HentaiEra
1725608127916018822	Oglaf
1740877429814102450	Akuma
1751301957307147711	GlobalComix
1759845183972082995	NHentai.xxx
1760602273537165744	Comick (Unoriginal)
1764268677652741702	Hentai Crot
1773653553472615327	nHentai.com (unoriginal)
1779918793601923139	Juin Jutsu Team Reader
1788469981763672104	Dynasty
1795888684783606321	漫蛙
1797754663718263026	IMHentai
1802675169972965535	8Muses
1807480150517467938	Domal Fansub
1808484200237690514	PandaChaika
1809051393403180443	AllHentai
1814471239661920836	Cerberus Series
1820900722595855271	MangaTilkisi
1822275077186160208	League of Legends
1823408414151467671	Manhwa XXL
1832370231745386795	Team Lạnh Lùng
1835150489344342556	Kodoku Studio
1843646695111412994	Akuma
1862668423724227387	Oduto
1862736259549588334	Hattori Manga
1872394332504252034	nHentai.com (unoriginal)
1872740333369520717	HeavenManga
1887856725598271183	Comick (Unoriginal)
1893513843840146580	MANGA Plus by SHUEISHA
1894436225000314286	MANGA Plus Creators by SHUEISHA
1896428900030795228	Collected Curios
1896940876613282856	U-NEXT
1900395790630760038	Zonatmo.to (unoriginal)
1901100795183424105	HentaiEra
1903782575226230108	ManhuaTop
1911019612901009263	Eva Scans
1911829101129863006	MinoTruyen Manga
1914303745574265340	GlobalComix
1917870670428613627	Nyra Scans
1928970119194827182	Yabai
1931508394363321246	Sana Scans
1932020840797180157	PandaChaika
1938195875614354298	Oppai Stream
1939536259784675646	Manga Xiao Si
1943011614685426671	Alphapolis
1950516905235913490	Luna Toons
1952071260038453057	MangaDex
1953904877869380978	Doujin Moon
1959637408417261960	Mikrokosmos Fansub
1966275254426034210	Manga Ball
1966498126669070992	Manga Ball
1968531533450563052	House Of Otakus
1983630122600815139	Manga Trend
1987105317893699901	Zinmanga.net
1987646205658282178	Akai Comic
1991252499508931836	Grrl Power Comic
1993924607457500259	Serein Scan
1998944621602463790	MANGA Plus by SHUEISHA
2000643041937250352	NovelCool
2005076600562293471	Bakkin
2006734767320263070	Kagane
2011050813940802605	Kemono
2013504679812912827	HentaiRox
2013845246758512290	Cubari
2031498907928923621	MangaOwl.io (unoriginal)
2033023429560344772	Dragon Ball Multiverse
2035574753584485369	Dragon Ball Multiverse
2037282477963681758	NamiComi
2048669781308052214	Alandal
2054192099319007885	ToonGod
2056490261402651047	Anyone Manga
2059482759352416637	Dark Science
2062108502806113139	Scan-Manga
2064722193112934135	MangaToon (Limited)
2072928884077964642	MangaDex
2079534153507614534	Mugiwaras Oficial
2081564483403474647	OreManga
2084769296792806394	MyReadingManga
2091088265283814173	Tsundoku Traduções
2095949455655924623	Blue Solo
2098905203823335614	MangaDex
2102507871480604746	TuttoAnimeManga
2111498029521981284	Manga Ball
2115363546279045008	MangaForFree.net
2123874844305574539	NTR-Manga
2126618372106431410	ヤンマガ（マンガ）
2131019126180322627	Weeb Central
2134233417037741790	Pixiv
2136088453725931591	MadaraDex
2136686110556284465	HentaiHand
2142158598125421915	StellarSaber
2142724534705483892	Crow Scans
2146024794445748144	HentaiFox
2150748053027323425	Ghost Scan
2158865776377405902	3Hentai
2167942958141879673	YuriGarden
2170345400165397182	Ota Scans
2175678633501332475	Broccoli Soup
2191753978421234924	Toomics (Only free chapters)
2198877009406729694	爱奇艺叭嗒
2202687009511923782	MangaOni
2210021497257492329	Point Zero Toons
2220258354919443918	HDoujin
2227240489801599645	ヤンマガ（グラビア）
2238636513447052332	Raw18
2247457324301240357	Vixen Logic
2248402620929558947	MangaBlackCat
2248461957459826404	Ichicomi
2252098186268656747	LxManga.org (unoriginal)
2264075849201286666	Vinnie Veritas - CCC
2266890064732906146	Opiatoon
2270841189174019045	Raw UwU
2272106648760140404	GlobalComix
2276541741750874058	喜漫漫画
2280035516075993115	MangaLix
2280384130624669648	MeoSua
2289891939341407590	Toomics (Only free chapters)
2299981010822511979	HentaiRead
2304134427430911086	HentaiHand
2310489567413492709	ComicHubFree
2327480808438768017	Atsumaru
2332326521515456967	Taddy INK (Webtoons)
2335132088242591909	Comics Land
2338066431666790211	Manga-Bay
2374282752350973310	Hanmokku Scan
2379514871370953957	Hipercool
2383498398383195108	Comick (Unoriginal)
2384499981488817067	NHentai.xxx
2385956107618754468	XOXO Comics
2402699562771779060	Manga Kiss
2403498411345112019	Manga Şehri.net
2417676426413230210	一耽女孩
2420370334023011697	HentaiKun
2421010180391442293	FlowerManga.net
2424130356866336342	FTV Hunter
2424761902286195560	عرب تونز
2431307934077353736	NovelCool
2436176998646301840	MangaSpark
2439898977058946574	Manga Ball
2450247754585878955	TruyenHentaivn
2454581737028097436	KivaraToons
2455131357585282669	Scan VF
2455783957781415791	HentaiEnvy
2460171050002652675	Shiba Manga
2466512768990363955	YaoiChan
2467588305419524836	Yorai
2470059397662084186	Mangago
2473081822885310816	UmeTruyen
2482399499047903203	Azora
2482510125735992610	J-Novel
2486465102799235219	Hennojin
2490962516027621137	XXX Yaoi
2492552743813599108	RD Scans
2492666945996599997	HentaiEra
2499283573021220255	MangaDex
2505034801993260082	League of Legends
2516244587139644000	HentaiHand
2522335540328470744	Webtoons.com
2527199067559866087	MangaReader.site
2527256034272235453	OctopusManga
2528986671771677900	Mangakakalot
2529980242070778875	Battle In 5 Seconds After Meeting
2530259860313477889	LumosKomik
2537678488019181229	Comic Fury (No Text)
2541069900188080676	Pink Sea Unicorn
2553504349329211397	PandaChaika
2553532324170433933	TruyenQQ
2556223347862084050	Komikzoid
2558772350527638641	MiMi
2559570015828016575	Vortex Scans
2561264003659474410	MangaMeets
2576579305327069452	MangaWOW
2577248042661857530	Epsilon Scan
2589550143244611118	MangaLionz
2598579144085032375	Kappa Beast
2598725055968738551	Bloom Scans
2603728112834757616	HDoujin
2609498548705590664	Megatokyo
2611030308394588473	HentaiEnvy
2620385605605077513	Dragon Ball Multiverse
2623577517578458051	Ameba Manga
2636071300407720294	Noromax
2638955581892699679	Luscious
2639384491930845930	ScansFR
2641311214423625823	GlobalComix
2644848669022862951	OniSaga
2655149515337070132	MangaDex
2655166136445570124	Empire Webtoon
2665002677795338092	Spicy Scan
2666797837434784507	Wolftoon
2676315620251021475	Manhwa68
2677079941490683989	Bacami
2680345917627448572	DamCoNuong
2681651342533848540	MangaRead.org
2688801006759321823	NamiComi
2697587119837846427	HentaiFox
2698159736988588223	Lunar Manga
2698265163169248715	Mehgazone
2703831045012166262	Mangatown
2716608619626653265	Nova Manhwas
2725673328914321866	Simply Hentai
2727140669803764425	The Library of Ohara
2730544188738947015	SlashLib
2731562656488805764	Argos Comics
2732049206654972364	Moon Daisy Scans
2734105158623613590	Yaoibar
2738692054520731722	Doujin.io - J18
2743233241005498558	Dragon Ball Multiverse
2744810059574599668	BookWalker
2748000026130339026	Fleur Blanche
2760962895634785428	Akuma
2769673412724723872	Dark Room Fansub
2769857481066602061	Comikey
2772498967425526818	HentaiHand
2772885510390273147	PandaChaika
2773063800266255222	GTO The Great Site
2774395484485436593	Luscious
2783611133798677654	Nirvana Manga
2792939609625225108	YaoiHot
2799291971714927306	HentaiRox
2810925842440106828	Comick (Unoriginal)
2816768640766208312	Kewn Scans
2819252027406613931	MangaDex
2819783147032745073	AsmHentai
2825403839562372201	Manga Ball
2831859393730435398	Goc Truyen Tranh Vui
2833994049092509182	Docomo
2834885536325274328	ToonLivre
2838715564514827672	MangaDex
2843704102372436364	IMHentai
2848420679472350044	Thunder Scans
2848743514286834588	Lunar Manga
2853734405579058222	Hanime1.me
2855631357866421200	ViTruyen
2856082375563763469	Catharsis World
2857546552946901153	Manta
2859097949969075077	3Hentai
2870097240566002663	性感美女
2873205829711053655	IsekaiScan.top (unoriginal)
2875503798326600410	MangaDex
2876739237900975302	J-N Books
2880365189708146138	Comic Fury
2882993841250976719	Mango
2886862669347225416	Miau Scan
2892666872128744723	Niadd
2899371341317171497	Goon Scans
2900023289777642714	Manga Demon
2901533594719087473	Slept Manga
2905661176145448719	Manga-Park
2937751339618832603	Pixivコミック
2944603286439592172	Big Comics
2954767545439802080	Brown Manga
2959982438613576472	Webtoons.com
2962682340286299668	Boruto Explorer
2964723819258267786	Manga District
2973017642163731007	Rncalation
2979406394980750413	ManhwaGet
2990178902658283254	Manga1000
2993141237027207546	League of Legends
2995199135797572970	Comic Fury
3000787516439188863	Kurage Bunch
3010838382018156522	One Piece Fans
3017959474962204247	Razure
3021093696465448973	Lunar Manga
3024771939240549070	NexComic
3025454996745441538	Nyanu Kafe
3035799230093482569	Saturday Morning Breakfast Comics
3039466073711396152	3Hentai
3040035304874076216	Kiutaku
3044113561993269522	ApollComics
3049157397733640125	Seikowo
3053251231047124074	NineAnime
3054988613439396424	Erofus
3055889891446984546	HentaiZap
3062320139670175675	Rizz Comic
3062846066388633553	WebtoonScan
3064755045370217842	Hiperdex
3077154580363219152	HentaiLoop
3078530910469685147	HentaiHand
3084421114955435608	Galaxy Manga
3091586499988578585	GlobalComix
3111049819536223391	Manhwa List
3112384885023225761	Kissmanga.in
3115293328774708452	Sokuyomi
3116973119218453326	Noxen Scans
3118962894631295374	Comic Gardo
3121632933690925888	Harmony-Scan
3125099729987730580	Dragon Ball Multiverse
3129953610837449394	NetTruyenX (unoriginal)
3133607736276627986	Keenspot TwoKinds
3136857802804349121	Klto9
3139638167324501617	Comick (Unoriginal)
3141331376595743728	Mihentai
3142948916822290453	MikuDoujin
3145772760974227844	Dragon Ball Multiverse
3149622876127128169	Lunar Manga
3157287889751723714	Manga18fx
3170561626848540385	MangaKatana
3174596843279946873	Manga Drama
3196884165456788667	Sushiscan.fr
3209001028102012989	Lava Scans
3217346477673086342	Dragon Ball Multiverse
3227262950343562837	Lunar Manga
3235818654344600611	Toon FR
3236903197935016602	League of Legends
3249170492103400191	Kagane
3252050349835097844	HentaiFox
3253304651550496369	MHScans
3253856465912445981	MangaKa
3260701926561129943	MangaDex
3266930735690843593	gafeland
3269982329415083765	Lavinia Fansub
3274683761704614629	MangaTX
3275945866985875190	Portal Yaoi
3278618591126542009	Hasta Team
3279300917142951720	漫画屋
3281832279225761326	Kagane
3285208643537017688	MangaDex
3294884430139323314	MangaHub.fr
3295788255356719804	GlobalComix
3301038340499911137	Rocks Manga
3308452263937112975	Sky Manga
3310562162433401964	HentaiRox
3314074618469377356	MeiToon
3315938131690984352	Manhwa Reads
3317136566565343717	EZmanga
3322517246209230294	TruyenTVN
3322701627784242064	Young Jump+
3325308670866777803	Manga Ball
3329849726908639188	vomic
3330861233813615504	Webtoons.com
3335229490349802396	CapibaraTraductor
3338047643419578004	Speed Manga
3339599426223341161	MangaDex
3344386250058668105	Mangas.in
3349575794425308347	Raw1001
3350274514125477391	Comics Kingdom
3356591153022230079	GlobalComix
3357030332736127152	Manga Ball
3358885026101433827	Niadd
3359822911747375789	PizzariaScan
3371822795753272045	MyReadingManga
3383118804501081522	emaqi
3386088694317815151	Manhwa Comics
3386549954655095711	Mangafree
3390167717659783669	Rolia Scan
3392354321117553495	Manga Mirai
3395462671769287908	IMHentai
3396104446323720599	Webcomics
3401714773439070137	Rawdevart.art
3406901199711327034	Kayn Scans
3410370616110029377	Yuri-Online
3410911112857734134	Verdinha
3411809758861089969	Shinigami
3416472212573239071	Vision Haze
3422463439145930309	Hentai Cosplay
3431750855616467337	League of Legends
3436561761894030433	Manga18.Club
3444662672352788181	MANGA Plus by SHUEISHA
3447464472094373275	Renascans
3447999145778061665	MangaDE
3451196845457607826	Temple Scan
3451257781273481191	GlobalComix
3457657507803543601	HentaiRox
3470536709327419459	NixManga
3472625749271868375	هنتاي العرب
3472935303493224823	Manhwalike
3478835885302345699	Mangatellers
3480299458405323329	BR Yaoi
3482736208073357647	ManhwaClub.net
3492404357721425345	RF Dragon Scan
3494454472553986530	Comick (Unoriginal)
3501213105339612791	3Hentai
3505996597464989970	Menudo-Fansub
3507378005483435886	MangaDex
3509597554682217593	MangaToon (Limited)
3512076228855715276	PandaChaika
3520485566708512181	MANGA Plus by SHUEISHA
3523364768003208635	3Hentai
3523848676838462162	Manga Ball
3534396555218651855	Webdex Scans
3534664804437641640	Manga Ball
3535683894794049489	NamiComi
3544369893051520689	Cocomic
3544957587727489204	Manhuanext
3545985978448263801	Kuro Manga
3547244847403070407	MyReadingManga
3548394435548008920	HentaiHand
3548601371328353875	Manhwa-Latino
3551931974861576783	Lunar Manga
3556430745170330371	Manga Ball
3563992092786616290	NetTruyenCO (unoriginal)
3567512546321944475	Metart Hunter
3568795724496898351	مانجا لينك
3574188328700228273	Comic Earth Star
3578612018159256808	MangaDex
3580576879040377475	e621
3581741214949868596	Manatoki
3590279382085161370	Manhwa Toon
3590997004623427971	Young Animal
3599272016034823454	PandaChaika
3601180820582582605	MangaDex
3606721916149050760	Mangasushi
3609380518472019202	Yaoi Fan Club
3616827811449702173	漫画人
3631246013481179045	GlobalComix
3635786412332322062	DaoMeoDen
3638625079908519060	God-Doujin
3639622845750368999	AnimeXNovel
3639673976007021338	Kiryuu
3639911276143172075	New Manhwa
3640686393110022124	nHentai.com (unoriginal)
3647420805839021718	肉漫屋
3650511144741653873	Traduções do Lipe
3655128076360662290	Asia Lotus
3663840686576348637	ManhwaNex
3677056573528884471	HDoujin
3686775439235747344	MangaDex
3691755476092994375	XlecX
3694940277826033657	Gourmet Scans
3699764450470657348	Lunar Manga
3701714196729780447	LectorManga.lat
3707487231227345638	Mokuro
3712194609356981776	巴卡漫画
3715220935638762635	DoujinZa
3720618907480183068	NamiComi
3726023637787405221	Comick (Unoriginal)
3730980240510982131	Paradox Scans
3733450486998805728	Doujins
3737240362254347902	Siyah Melek
3740623306758763677	Paritehaber
3742763978853704441	xkcd
3744905183009204736	Dragon Ball Multiverse
3751671803647824606	MinoTruyen Comics
3763639620364244824	SangChanhTeam
3777339391626194173	Manga Ball
3781216447842245147	MangaDex
3793216737618759530	OniSaga
3795139541047356251	Pluma Comics
3806352284314527898	Manga Kingdom
3807502156582598786	MangaDex
3809566188515992024	Truyện tranh đam mỹ
3811800324362294701	NihonKuni
3819152328997277823	BeeHentai
3825200464570758229	Akuma
3846770256925560569	MangaDex
3849324770075062403	MangaFire
3852979672050614736	Shadow Çeviri
3857421120061111113	Manga Romance
3862668659803323645	3Hentai
3875672872924535086	Hentai Origines
3875676731760385630	Nivera Fansub
3881169888283649510	Lunar Manga
3890119680043332770	Cucumber Manga
3894617311216312574	Slow Manga
3895171315878328595	DoujinHentai
3896703921896511395	Elf Toon
3901872639081578162	MangaHere.onl
3913016041409072217	ManhuaFast.net (unoriginal)
3930085636692943299	Manga Online
3940534831604021485	3Hentai
3945031984510180731	Read Nanatsu no Taizai 7 Deadly Sins Manga Online
3953107753690791431	Uchuujin Projects
3956136651279281107	GEDE Comix
3961079268907869519	Roxinha
3967449247820755680	Dokiraw
3970113862660733375	Holotoon
3973269831131863421	CuuTruyen (unoriginal)
3974404971892520732	Fansubs.cat
3975276517041363504	MangaDar
3975552840628459451	NetTruyenViet (unoriginal)
3983114856627782141	Naver Webtoon Best Challenge
3989593922015638091	Akuma
4002667303103881826	Milftoon
4004369226840135398	ViHentai
4005855460574344551	NamiComi
4005973248538140146	ManhuaUS
4006397036545425884	Gone with the Blastwave
4008409601887986192	MangaBuff
4014337104958146767	Rest Scans
4020109289796113875	Alucard Scans
4023890583976163058	CrotPedia
4024736764982024684	Kagane
4033172788130537982	Magical Translators
4038055363600290082	Origami Orpheans
4042311977545840779	Comick (Unoriginal)
4045163592638299384	GlobalComix
4046163527731172053	Kmansin09
4081135203808920563	WebNovel
4086183896761281232	NexusScanlation
4092015241327675443	MangaPoisk
4098334577101891258	Swords Comic
4102855915741272173	League of Legends
4102859909531263289	Dragon Ball Multiverse
4110737012647435874	Team X
4116931674173505341	MyAdultComics
4125236041054867131	Hana Book
4129272632455883902	MyReadingManga
4139908687076589734	NamiComi
4145490410049708986	Comick (Unoriginal)
4150470519566206911	MangaDex
4150746388640244220	Ver Manhwas
4153742697148883998	X-Manga
4154955713546598190	TheManga
4156406679136971778	Dragon Ball Multiverse
4160203623654115966	MangaLivre.org
4161874521076039470	Yaoi Manga Oku
4174862482785095737	Comikey
4177563748162518441	Hizo Manga
4187575309418573632	Commit Strip
4194563020378281165	Jump Rookie!
4197081087116305652	HentaiHand
4199586547771751025	Faust
4205255591548488472	MangaTuk
4205510315534778593	GingeRTooN
4207492914234184899	Universo Hentai
4210732525216763379	Temple Scan
4213491422253699699	MyReadingManga
4215511432986138970	Mangabat
4222375517460530289	Dongman Manhua
4225505094399546613	늑대닷컴 - 포토툰
4230797637510582729	Toomics (Only free chapters)
4234224579308349686	MangoLibreria
4237239660432093896	Manga.uno
4269781201892859761	Türkçe Manga Oku TR
4272456161813617008	MR Tenzus
4273071356706429527	MangaDex
4273874799952447458	Goda
4278045440527026000	MangaKuro
4281611327457686416	ManhwaLand.mom
4284527942812494681	Pawchive
4284949320785450865	MangaDex
4290439286788644779	3Hentai
4290611657061143259	Luscious
4307007494151154546	KSGroupScans
4325951682189741537	Nemesisscans
4332882684116196542	StashApp
4335920001580787887	HentaiMan
4337506350787725909	Yokai
4344163117450761946	NovelCrow
4349338377187141550	Traducciones Moonlight
4351130568935854113	Hades Scans
4352420071178605258	nHentai.com (unoriginal)
4353470354941192417	Nekopost
4353548193024198457	FastScan
4357416108470845594	DiamondFansub
4360984402391235039	Doujin-Lc
4370817879994829481	SayHentai
4379246890416497052	The Library of Ohara
4383360263234319058	BacaKomik
4388148978547727168	Pornwha.fr
4392067503694697213	Ninja Scan
4393941999923514698	Doodmanga
4396938423130345004	Manga Can
4398521787288838980	Softkomik
4403086215261921832	Orchisasia
4406556873729219957	Utsukushii
4407345724470685258	Lunar Manga
4410528266393104437	BigSolo
4412608991854703246	Comic Fury
4413681066613655890	YuriNeko
4415429126767799340	Ninekon
4424472966200672277	ThienThaiTruyen
4425270083878931881	Comick (Unoriginal)
4436086462808946847	Dilib
4436777272781358384	Bymichi Scan
4437245120973625796	Yupmanga
4438807780413463687	TuiTruyen
4439526602175493484	LectorJPG
4439807782838127935	YaoiScan
4446818596127611511	Manga18Free
4450188005228586123	DigitalTeam
4451316190554848827	Simply Hentai
4457222405258030659	Atemporal
4473891485969679132	DreamTeams Scans
4475020039832513819	Capitoons
4476506734614164770	Yuri on Air
4480433466073326866	Ariverse
4480996639887718467	Lily Manga
4482480338677079857	LANraragi (1)
4487676425355815867	Naver Webtoon Challenge
4488498756724948818	Toomics (Only free chapters)
4500173675620672840	Pash Up!
4502591927177845825	Oh Joy Sex Toy
4505830566611664829	MangaDex
4508733312114627536	Komga
4511819378822109646	V2PH
4515785594129735633	Paw Manga
4529330646808421343	Lunar Manga
4533007917829146766	Perf Scan
4535626560473424586	Mangitto
4544396460505163576	Duskoryvile
4562754350961964148	Emperor Scan
4566665141605249082	EroSect
4572372176917567711	VinaHentai
4574102257618973368	Manga Ball
4579000402227688678	MangaDash
4585134706567717130	泰拉记事社
4589056979500242728	Twicomi
4590681486679254754	GlobalComix
4595247773355584967	Lunar Manga
4598626990187882152	GalaxyDegenScans
4607768416266139943	NgamenKomik
4625881812440927464	Luscious
4628927315861565171	HDoujin
4637971935551651734	Guya
4638024470188065245	Ryumanga
4638673959522768501	MangaDex
4647982373411241498	DragonTranslation.org
4654428466578189678	Manga Ball
4655858297496198897	ZettaHQ
4667424178290106010	Mangastep
4688509366795716377	Doujinku
4690666610218684539	SlimeRead (unoriginal)
4694155353004433186	Otakusic
4696259977267090434	MANGA Plus by SHUEISHA
4704003050199034697	Dragon Ball Multiverse
4705692208637300585	Schlock Mercenary
4709139914729853090	AllManga
4709631253767612322	PandaChaika
4709947565690324919	Zebrack
4711592264872296686	TruyenMM
4711824862797870329	Champion Cross
4712783922379490416	HoneyManga
4721197766605490540	Junmeitu
4722346859737894698	Death Toll Scans
4735212915018805501	Spmanhwa
4748581925941451102	NarasiNinja
4749792168996703143	Ego Toons
4758858684982406533	MangaHub
4760608706245794364	Corona EX
4762501899936439936	Siikomik
4774459486579224459	MangaDex
4780099289691520887	SinhSieuSao
4787423248001527550	Arcura Fansub
4795663388852759880	MangaToon (Limited)
4798104006981431448	ManhwaBreakup
4798553287209680620	Lunar Manga
4803238581797687746	Mangas-Origines.fr
4804474291848639489	NamiComi
4804845656972446863	Manga Ball
4806085996472938237	NovelCool
4815322300278778429	VoyceMe
4825793506555725623	HentaiZap
4838485846640015979	Komiku
4839000923958753250	Afrodit Scans
4841602236575491202	Manhwa18.cc
4845919081798207608	Dragon Ball Multiverse
4855613465785451164	HentaiHand
4858507068999692510	KamiComic
4861854418326997963	Osaka Scan
4863693274136077953	Toomics (Only free chapters)
4864082317433034574	MyReadingManga
4870917758913494428	S2Manga
4871612284225100668	YakshaComics
4872213291993424667	MangaDex
4874205281198767614	Lelscan-VF
4883620005315879682	Merlin Scans
4886334142812146511	Little Tyrant
4890735226828164084	Real Life Comics
4897336575284771091	HentaiZone
4898409906840499301	GlobalComix
4899554363948814001	小黄书
4899971628155084225	MyHentaiComics
4903395296014438593	Dragon Ball Multiverse
4905131080278546043	Risentoons
4905303791571172293	Blackout Comics
4915548839286527736	Rinko Comics
4917014756556380981	Read Berserk Manga
4917651850397277037	3Hentai
4923846262931005728	Comikey Brasil
4938773340256184018	MangaDex
4939477701699344583	Lunar Manga
4940984854904039527	Manga Ball
4944745470170824284	Ono
4952451593357491304	VMP
4957859168133378262	Paradise BL
4960725964791825687	NeoManga
4962507861930922611	Garcia Manga
4964257310156473044	Lunar Manga
4964829535501435742	Pixiv
4966216283610323571	GlobalComix
4966914277555229831	Murim
4966955732363898584	HentaiEra
4969929389259348100	Soft Epsilon Scan
4972198006998831006	HNI-Scantrad
4972933717624256217	Comick (Unoriginal)
4975929166626394514	DDT Team
4976223882601884801	Lunar Manga
4980383988041274982	LuvEvaLand
4981643024311726529	Hyakuro Translations
4983763186502997670	League of Legends
4984634867953711392	Comic Fury
4984830439465026319	nHentai.com (unoriginal)
4986437736966387160	XoManga
4990678311970770946	Manga-TR
4991718230921189832	コミコ
4992571563369273240	HentaiHand
4994699950662723787	MANGA Plus Creators by SHUEISHA
5003216810967182175	3Hentai
5007169057258882420	Dragon Ball Multiverse
5014742859693294263	Akuma
5020277403848576351	Raindrop Fansub
5020395055978987501	MangaK
5023036788669530148	GlobalComix
5026351287650198434	OneReader
5035285034268559598	Toon-es
5037404094705788694	Kawii Manga
5041529786391483797	Manga Ball
5048347663546425663	GlobalComix
5054301488874110968	HOLONOMETRIA
5065732785260259278	VIZ Shonen Jump
5075089422240578347	ManhuaPlus (Unoriginal)
5075847076783200426	KumaPoi
5075981853261303438	MangaZure
5085561039221748061	Akuma
5092568988625041973	HANMAN18
5098537545549490547	MangaDex
5104384223103778991	AnimeSama
5107985495531372013	Comick (Unoriginal)
5116114496934092518	Buttsmithy
5123733616022476906	Manhastro
5123765142540943901	Pixiv
5125011410949702843	Noblesse Translations
5131201512681860705	Dragon Ball Multiverse
5132811728275817394	Komga (3)
5133553291675008671	18 Porn Comic
5134611019768985781	PopsManga
5148895169070562838	MangaDex
5152016637336953348	MangaMee
5157242904926355900	Twatt
5157867187592331768	Taurus Fansub
5158991361251014104	TakeComic
5160001879976399540	Raven Scans
5161357527629843269	Shonen Jump+
5164979204020878495	Amanga Planet
5177484976652938680	Manhwatop
5181311401760417052	MangaDNA
5182817189941556265	Comic Fury
5183325399429659419	六漫画
5185485787190542529	Luscious
5186628758186958017	MangaDenizi
5189216366882819742	MangaDex
5190569675461947007	Toonily
5192468917881435636	ToonHey
5200293225675847390	Nikkangecchan
5200417794129414472	Luscious
5205171098698400162	OniSaga
5208759847357095642	HentaiMode
5211324870873630158	DeviantArt
5213948951740602020	KlikManga
5218550345649535189	Manga Tales
5221484950287110636	Kami Sama Explorer
5221951741432177903	PandaChaika
5222101826721428426	TonizuToon
5227602742162454547	SelfManga
5229751861519354976	Akuma
5234610795363016972	Mangabz
5238899243957092391	HentaiEra
5239712539549115551	GlobalComix
5246625723235112128	GakaMangas
5253884715906393116	Akuma
5257426184455231951	Amuy
5258838449396844455	Asmodeus Scans
5268102422164410592	HentaiVNx
5279120461134453793	Coolmic
5296681357952677059	NamiComi
5300358436613908601	Read Vagabond Manga
5304928452449566995	Nexus Toons
5317159072505726832	Tempest Scans
5320360676060919240	MangaOnline.fun
5322003068520429479	InsanosScan
5328028029485519937	Roseveil
5328240584854276436	Commit Strip
5330127039501257395	Akuma
5332604811772266259	Comic Days
5332628982027198645	momon:GA
5335008997233394468	NamiComi
5345672200867563334	HentaiKisu
5347846950927890201	PandaChaika
5348722599884573141	OniSaga
5353704886651317926	Zenon
5355858532116403799	nHentai.com (unoriginal)
5360960267485387879	Ngomik (unoriginal)
5361143498571709507	The Duck Webcomics
5371778608318819884	Akuma
5384836574731339537	KomikIndoID
5395306515630347602	SeraphicDeviltry
5403969342368317365	Manga Ball
5404499323728358840	Toonizy
5404809838386240671	Philia Scans
5412929724953013469	Elder Manga
5414342435310010512	Idol. gravureprincess .date
5414998368888208528	ManhwaOnline
5416462601349591349	Codex Zero
5418027692230441919	Panomic
5421363896303671586	PandaChaika
5421383187922044761	League of Legends
5425671014693930239	Simply Hentai
5430652619051267300	Komikhwa
5431409047697637162	OniSaga
5456927204345304785	Comick (Unoriginal)
5458965504724393093	YagamiProject
5463447640980279236	MangaDex
5464986831390726554	nHentai.com (unoriginal)
5466172882050312169	LustToon
5475936177780301452	Rose Squad Scans
5481739102875145368	Diva Scans
5484157652338210397	Manga Ball
5490253431755133280	Hwago
5491278213927672737	Code Arc Mangas
5494684486943087247	HentaiHand
5498091984644576825	3600000 Beauty
5501311187877950699	Nocturne Summer
5502656519292762717	MangaManiacs
5504588601186153612	HenChan
5507342509037890098	Rüya Manga.net
5511951724437637256	Dragon Ball Multiverse
5514199583083468982	Honeytoon
5520021760150818261	KillSixBillionDemons
5522274089781089670	Simply Cosplay
5524031489110351257	MurimScan
5530823947742715441	東立
5535756921059789785	Comick (Unoriginal)
5543642209942020458	GlobalComix
5553519415877811746	GALAX Scans
5554748812413853237	Tapas
5558728935088189480	Coven Scan
5564060716297760161	Questionable Content
5571661567325096882	Manga Dass
5582703984897222132	Dragon Ball Multiverse Parody
5583626852311652499	늑대닷컴 - 웹툰
5586454452949519981	Manga Ball
5591830863732393712	nHentai.com (unoriginal)
5594696691862732725	InfraFandub
5607835948857138011	Manga-Lc
5610091745946956485	KumoPoi
5610655855358487221	Akuma
5617855959190673282	Manhwa-raw
5618121635049025093	Manhuarm
5621901596522308538	LeerCapitulo
5624034369916310706	ManGeek
5627909338430537186	ReiManga
5634203247016722993	Orca Manga
5640783863041818405	ToomTam-Manga
5649269152264667286	Shadow Manga
5652636928388608981	Honkai Impact 3rd
5655539211698234342	Holy Scans
5662367258369038433	WhaleManga
5670748624310603730	Manhua Rush
5672794736121634742	MilaSub
5676233752760414531	MangaToon (Limited)
5680590515266301834	Nicomanga
5702082694566979718	شبكة كونان العربية
5705163226489175947	Usagi
5706270060628375954	18漫画
5710047468564158686	ScanR
5710504167796125606	Dragon Ball Multiverse
5713083996691468192	SamuraiScan
5716614438725518956	Maid - Manga
5724751873601868259	包子漫画
5726629019734498294	Tonari no Young Jump
5727368826344311935	Jinmangas
5731115645938971449	DFlowScans
5740849136135469941	Clone Manga
5746834068092446709	Rawkuma
5756634909776784131	Sleepy Translations
5758845301840022147	TruyenVN
5761461704760730187	Firescans
5763134940669279175	JJCOS
5763592680824441822	Manga Ball
5768337869316468367	哔咔漫画
5768573366655393544	Manga Ball
5779037855201976894	MangaDex
5782663927698937256	Patch Friday
5786550835901373927	Rüya Manga
5788099943016900736	HentaiHand
5791709100642569951	Simply Hentai
5793414625714246782	GlobalComix
5804710058654490234	Siren Scans
5806040666300479660	QiScans
5811065998267343017	NineGrid
5813468393870703615	Lunar Manga
5817327335315373850	nHentai.com (unoriginal)
5823096631874106406	ArabManhwa
5826725746643311801	Luscious
5830834696627804450	Webcomics
5839556980480126224	Manhwalover
5845004992097969882	MG Komik
5850393134813310906	Komik Next G Online
5854986367394591788	Nux Scans
5855032551259176250	Dragon Ball Multiverse
5860541308324630662	MangaDex
5861653560535486832	Ero18x
5862188113261788590	Monopoly Scan
5862792365006156918	Only The Best Hentai
5865133728324986123	MinoTruyen Hentai
5869426157802671832	OniSaga
5873846881094044177	Koinobori Scan
5874068195320206396	FoamGirl
5885774493166465039	Webcomics
5900936305360403385	Mangadotnet
5906663076478194825	Tenshi Manga
5914422711950728870	StoneScape
5928300995303689257	Paradise Scans
5930644847758440964	HentaiEra
5937472249278743372	Marmota
5939158356306781713	Platinum Lily Scan
5939253174175011564	NHentai.xxx
5942590313591365439	Simply Hentai
5943212552955476721	ManhwaWeb
5943234929466346733	《崩坏3》IP站
5944672760629857205	Bun Manga
5961569572141989337	Dragon Ball Multiverse
5967745367608513818	MangaDex
5973585434561103442	Lunar Manga
5974308089281665684	NamiComi
5975471501347973768	NamiComi
5975790728262229465	CManga
5988433661218368889	Akuma
5988638662832109557	ScansGG
5990114708086767078	Zinmanga
5992780069311625546	Falco Scan
6003330990591348231	Ragna Scans
6022634600056613514	RawBaka
6023377011056301844	OkuToon
6032516943051342273	TritiniaScans
6036325841864340105	Gunnerkrigg Court
6038464145206378323	nHentai.com (unoriginal)
6045078216682014867	Euphoria Scan
6052929656772429531	HentaiArchive
6053574930456302165	Kagane
6053881646324024096	Komik Dewasa Art
6055828959180481405	Cat300
6058166507489091982	Manga Starz
6077132944162952766	Manhua Zonghe
6081284597648692367	Phenix Scans (unoriginal)
6084907896154116083	MangaFire
6085559443545258070	NetTruyenS (unoriginal)
6096870058125388335	3Hentai
6101225122718065258	Catzaa
6102454165244031412	Makimaaaaa
6111047689498497237	MangaLib
6113965282317121452	NamiComi
6135783261825346877	AsmHentai
6141590427749684419	Jmanga
6145388266378605164	MangaBlaze
6148605743576635261	Komik Station
6159323532820101296	Elan School
6167683270485370369	Manga Crab
6167788720399583825	Pati Manga
6168143505244976507	DocTruyen3Q
6170348197605244575	XSano Manga
6173663752022195918	HentaiHand
6187036261988654925	Comic Fury
6188058704030343819	LANraragi (2)
6189674531673390664	HentaiHand
6193642890428176406	Manga Ball
6196723908897486263	NamiComi
6202325652827735606	SpyFakku
6207801235158968822	Read Chainsaw Man Manga Online
6228021941803932286	MangaFire
6230622879116184108	漫画社
6236979603959140497	LikeManga
6237269852978906906	Niadd
6244055465910932489	Manga18.me
6247824327199706550	Asura Scans
6251704791239468278	Comic Fury
6251873330157357206	Bakkin Self-hosted
6255493077716027174	MangaDNA
6260479722543828095	3Hentai
6266226783871841407	MangaToon (Limited)
6272815455807597212	Azuretoons
6272882172599295519	Phoenix Scans
6276622162610581454	FireCross
6286738698187452081	禁漫天堂
6289731484943315811	AHottie
6291099060619088371	Kagane
6293890187960663957	TopManhua.fan
6304246026723672697	KissLove
6304497572870246566	HentaiHand
6311653253665366075	Hive Scans
6314378952940608115	1Manga.co
6318378620301107421	MyReadingManga
6323380629311776595	MangaBang Comics
6335003343669033128	HotComics
6338219619148105941	Cubari
6340120447386662351	SeiManga
6345211913721743017	MANGA Plus by SHUEISHA
6347123306532384776	ComicLand
6351052922295965587	FoolSlide Customizable
6353068724409812158	AllPornComics.co
6353436350537369479	腾讯动漫
6359895141227528344	League of Legends
6384784374922886076	Nude-Moon
6389620462589488124	MangaGo.fun
6400665728063187402	MangaDex
6405758918736185117	ArbxComix
6406690174131145499	Sunset Manga
6411097384584116028	Simply Hentai
6411256237640188165	Comic Fury
6421419166134585378	Manhuarm
6421630287504544593	TopManhua.net
6423038744951581148	nHentai.com (unoriginal)
6425650164840473547	HentaiLib
6425776937733405129	FANZA
6450715347254021327	Scan Reader
6458420328066857684	Mangamo
6466445276541048432	杂志迷
6467305425630534148	Comics Kingdom
6468833665354206027	Read Tokyo Ghoul Re & Tokyo Ghoul Manga Online
6479744508771928030	Manga Kusu
6484094278517548634	Truyện Hentai 18+
6484561431658238800	MangaFox
6485938153129890061	Read Black Clover Manga Online
6490656436246726670	KhoManhwa
6490746811386262494	HentaiHand
6491120161556233904	Mangakakalot.fun
6492346234228542735	NoyAcg
6495630445796108150	LXManga
6495978594979776478	Aarlas
6501663152246384585	4KHD
6508316838749142103	nHentai.com (unoriginal)
6508647660473520087	MangaMoins
6516188872647980679	Sushi-Scan
6518732459102419415	IMHentai
6520733892888572506	Xiutaku
6523822705383645833	嗨皮漫画
6525907185900913523	Flower Comics
6540843430852844328	WuxiaWorld
6542792852936422236	Manhuascan.us
6551136894818591762	紳士漫畫
6555947477839387123	HentaiZap
6559481336553833282	CosmicScans
6559632390565356882	Honeytoon
6560112192335153780	LuotTruyen
6566957355096372149	Walpurgi Scan
6572043706378944577	NamiComi
6572636034693050219	MangaToon (Limited)
6573506892686767219	DragonTea
6580420139533147522	LoppyToon
6580524146378639197	Kumaraw
6580865433441960135	HDoujin
6589457175730154076	Leitor de Mangas
6595061459576629533	Manga Ball
6596496791271983268	Toonkor
6602141352900990132	One Piece Fans
6602595408477221375	Gensura
6614026304171193007	HentaiZap
6619013782987672377	NamiComi
6620819060709781499	Hiveworks Comics
6624592926208705847	LanorTrad
6625474581258090106	Hentai4Free
6626112947749020527	SeraphicDeviltry
6626616605316433619	Comic Pash
6627320413337959683	PornComix
6631281276194159210	El Goonish Shive
6644592287307303034	MayoTune
6651113074608915226	HentaiEnvy
6660493687892371703	AllPornComic.io
6666752184827525866	MangaToon (Limited)
6684416167758830305	Desu
6689953277839268159	花火漫画
6702526497040269835	Dusk Scans
6705370418823255358	Miau Scan
6706783596626868301	KiraKira
6716313068102878996	TopComicPorno
6718273076571980404	Yaoihub
6720687475375335817	ManhwaClub.net
6733296438137670174	MeoSSS
6741034623728813910	HentaiSco
6747208512135394944	Hentai-Scantrad
6750082404202711318	WebtoonXYZ
6750311061190710079	nHentai.com (unoriginal)
6750440049024086587	MangaDex
6754172311859665554	Hennojin
6757330205319558057	Bega Translation
6773816792833894188	Roku Hentai
6774658952974641159	Mediocre Toons
6778483817278233868	Manga Ball
6785510785647577495	Comic Y-OURs
6786869574657969795	Comic Ride
6787452093863347937	GlobalComix
6802623574377987877	Manga 18x
6808348229250819000	Monochrome Scans
6809555026902049727	Arc-Relight
6812667365653325714	MangaCrazy
6813136769153267900	MangaFlix
6815287454679474132	NamiComi
6818645358118704394	HentaiHand
6820605856874807465	Hana To Yume+
6824599919928625662	Dragon Ball Multiverse
6825567325220655211	NamiComi
6828652413569586396	Ainz Scans ID
6830559705127350757	PandaChaika
6831269326708750162	TopComicPorno.net
6840513937945146538	MangaDex
6842598531101194683	Elite Babes
6844007153169388830	小黄书
6849356311438092898	MangaToon (Limited)
6851437974515624757	Manga Tube
6857041228017945908	GlobalComix
6859623422196397486	UniComics
6861496002170366525	NhatTruyen
6864643444164576223	Manhwa18.cc
6866320578550428692	MangaDraft
6873060443067341608	NamiComi
6875037148225675112	Revival Scans
6886894829142702925	MangaDex
6887659515539839354	HentaiEra
6890714885948456521	Dragon Ball Multiverse
6895465518314218980	PandaChaika
6897166867127039489	Apenas Uma Fã
6899189456839494153	HistoireDHentai
6901469937775055420	xkcd
6911130909796364094	Gremory Mangas
6915411826598362561	3Hentai
6934645150441404855	Pixiv
6935004473807791201	Plot Twist No Fansub
6958928548959982041	VyvyManga
6963106975536326424	InManga
6973362428290892964	The Order Of The Stick (OOTS)
6981500022236807277	HERO'S Web
6984430285308868948	PandaChaika
6986357795598884919	Cerise Scan
6987743887369255757	GlobalComix
6989036438623575060	Lunar Manga
6989973853577548620	Luna Scans
7004582542854505662	Toomics (Only free chapters)
7008709488397053596	DoujinsHell
7008887237419113673	Grabber Zone
7009504251263254629	Hentara
7015430763374257867	HentaiVN.plus
7036720639283559699	Dassou Scan
7044663852863780949	JComic
7045343433771927648	Akuma
7049142072741547166	Tappytoon
7057309244033446342	3Hentai
7057750772596492765	漫画柜
7059984733794571635	Hentai Tokyo
7073775592097997189	Manga Ball
7074060458114951398	늑대닷컴 - 만화책
7076475127850729187	KuraManga
7079014519404224786	PornPics
7080800841003944426	블랙툰
7081372932062301579	Sekte Komik
7082086175158655309	GlobalComix
7086384324753337104	AralosBD
7097816699537539700	MyReadingManga
7104462396017692362	Vegitoons
7106013231844823613	ShiyuraSub
7109397520501699498	Manga Ai Land
7110025728969951060	Manga Bahçesi
7114846210461894145	Mangaworld
7121772696835562045	Mundo Manhwa
7139811400769884559	PandaChaika
7151191693036508367	GlobalComix
7153368437486297689	Corocoro Online
7153958782880204235	DMM
7159690625157327655	Piccoma
7160867804476891075	izneo
7162158808407514407	TruyenHentaiz
7167507050606280098	读漫屋
7169636154814402936	Manga Ball
7172992930543738693	Manhwa Scan
7185601298150078890	Read Comics Online
7187893778775685546	XAsiat Albums
7193534094270200605	GlobalComix
7203647082681930008	Manga Ball
7208855238528281651	Mangack
7209416153926734838	Riztranslation
7214040353404261084	Manga  TV
7219503638837099253	The Library of Ohara
7229505035165953281	Eggporncomics
7237724101525767746	TrManga
7250486205199627024	Solar and Sundry
7257262636858275074	Ecchi-Doujin
7257946851767599928	MoeTruyenSuiCao (unoriginal)
7263133157381353850	小黄书
7263540291758019148	ChaosTrad
7266624490370375187	HentaiHere
7289707411592168382	嗶哩漫畫
7291521832235473745	Madokami
7298383099057828683	ÇaprazManga
7302549142935671434	HentaiHand
7307224992915342074	The Property of Hate
7310092753988370613	Manhwax
7310112963091407823	G-Comi
7310576253330700902	Hunters Scan
7324763859222949244	Line Manga
7327582601422280123	MyHentaiGallery
7328677245254276970	Lunar Manga
7329798563365402763	HM2D
7330216215852925244	Argos Scan
7333825394865171341	YaoiScan
7341666123577520203	COMIC FUZ
7347711054392056906	Omicaso
7355004027880350247	Sagrado Império da Britannia
7362369816539610504	Toomics (Only free chapters)
7364322791901505063	Gaiatoon
7369333952028993476	PandaChaika
7370546749583817262	Raw Otaku
7374498796507972405	AnzManga
7380467428978561926	ArazNovel
7385940383162035314	Mono Manga
7387610647818309943	Taiyō
7388100486112484697	MangaReader.in
7395748658970167454	CosplayTele
7420534233267322527	Tomilo-lib
7422099479605463706	BatCave
7425515716363969566	XArt Hunter
7427054289018024291	Monte Tai
7432245132662185058	Decadence Scans
7433897302034602657	KL Raw
7442439989890509521	Gölge Bahçesi
7444761572611117628	MANGA/in/UA
7447468764477211885	Pix Hentai
7450882931813509619	MangaForFree.net
7451996450063331380	Truyen18
7458865308108369667	NamiComi
7462657023971681136	NoxManga
7464199493988606175	Comic Fury
7468001507218227155	Manga Saison
7482415595909557945	Honeytoon
7482985666811016125	NamiComi
7487319247633385575	Comic Verse
7492246554765916610	Dragon Ball Multiverse
7505608677115153818	IMHentai
7514642512113015247	The Blank
7536061906713738443	Stray Fansub
7537715367149829912	Comix
7541045796029140694	Mitaku
7548417938714777333	NamiComi
7558912456429140642	Akuma
7561346598466986562	HentaiHand
7561635982432447429	Yomonga
7564150377964448106	マンガ図書館Z
7567013997438852760	Ikuhentai
7570101320206504111	NovelCool
7570643086791062929	Coffee Manga
7575385310756416449	Hentai.cat
7576053878109850761	Dragon Ball Multiverse
7595224096258102519	WeLoveManga
7595811359698226104	DocTruyen5s
7602260701584916302	Danbooru
7611240442736670513	Manhuarm
7615826761003926053	3Hentai
7616097631685192755	MyReadingManga
7621724834621233483	Arya Scans
7623485147777438032	Niadd
7624757094973334315	Maid Scan
7634600808243438399	Dilar
7638481723868333116	ManhuaHot
7640863230103182507	3Hentai
7642759409549978864	MANGA Plus by SHUEISHA
7646731134152168219	League of Legends
7652402685655897221	Toomics (Only free chapters)
7652472715104061281	VIZ Manga
7652967240448142818	PandaChaika
7656859857051979814	Fin Manga
7657007209499352344	MangaSwat
7660637864742395387	KaliScan
7661417715431651982	MangaPanda.onl
7664311260874726882	HentaiXComic
7671549037049858081	Bladetoons
7672439791159944710	ManhwaDen
7683690509668356869	NamiComi
7689478295161479290	Manga UP!
7689490563697355048	NineHentai
7690709834650404718	Manhuarm
7698513740234984368	Everia.club
7699632518084274667	FMTEAM
7702420917357144001	Kagane
7704282043609669342	Doujindesu
7712565009997781291	Shirakami
7715542271185249444	Sen Manga
7717437664180966273	AsmHentai
7717838940254847800	MangaNo
7719798645438596394	HentaiNexus
7720269837249664423	Niceoppai
7732030561788182970	Pixiv
7732736838916328250	Lmtos
7749406396573482811	Ikigai Mangas
7749515081735994760	I'm An Evil God
7749937618675947100	Lunar Manga
7753308828123873766	BookWalker Japan
7760875295931980663	Kiraboshi
7769612119788415733	InfinityScans
7771256386177960897	Celestial Moon
7776050777496310004	Orion Scans
7783284177278678538	Les Poroiniens
7786528235956058474	AsmHentai
7787558791584052317	NamiComi
7788489411010171607	RawINU
7816508865953731299	NIFTeam
7819216870104067677	3Hentai
7821715230468497947	Cutie Comics
7830959603474646022	NamiComi
7831933086917318633	Ken Scans
7833228326192857667	GlobalComix
7833471811016150678	Yuri Moon Sub
7839519253265657488	Geass Comics
7842137233968841729	MangaFire
7842496605600859779	Fairy Scans
7846542287071503597	NamiComi
7848750588298461115	AP Comics
7859511511298731707	Mangalay
7859611418350123856	NamiComi
7861921616625741963	Kagane
7868281684851943971	GlobalComix
7871287213449294583	NamiComi
7875815514004535629	APKOMIK
7878720572813992644	Limon Manga
7895725080195720063	漫画1234
7896453910191786163	HentaiZap
7899387259192038112	HentaiHand
7900982727014582653	SUPER MEGA
7909401032149692930	Borat Scans
7916744898099174736	ManhuaThai
7925933833035450162	Lagoon Scans
7938304578940592570	AstraManga
7940950215101782907	3Hentai
7944056408443917590	Dragon Ball Multiverse
7945033982379409892	HentaiFox
7947062020376654174	Kun Manga Online
7948822981386785924	Manga One
7949854430526190429	Sekte Doujin
7950551186567193810	RawMiu
7952360835727640966	Read Kingdom Manga Online
7974978914502436971	Comic Fury
7976210704034726483	Comick (Unoriginal)
7977736050206547443	Starlight Scan
7981220701421282731	RawDEX
7983253093172640758	HentaiEnvy
7985165645382797194	Manga Ball
7988826691692266469	Yaoi Manga Online
7989144075938821809	Dragon Ball Multiverse
8004442288770923365	ManhwasMe
8011699941614610362	Anikiga
8019959770180418614	Yona Bar
8020430975962445741	Brasil Hentai
8029218690220992872	Comic Festa
8033579885162383068	MangaDex
8045942616403978870	GANMA!
8054539304013575208	Tarot Scans
8056131118089201650	ManhuaKey
8061354444776372735	Soul Scans
8061953015808280611	ReadComicOnline
8062443260299418342	Dojing.net
8070257113818912648	MiMiHentai
8070757025584294717	OTruyen
8073115021554725655	HentaiEnvy
8074481155021144106	Komga (2)
8083066303045184316	Sunday Web Every
8088090686762347480	Assorted Scans
8098539940032331958	MangaFire
8099870292642776005	快看漫画
8103409233756077332	Jeaz Scans
8105901253428833094	Comicaso
8107468051584194246	Dragon Ball Multiverse
8110122805257580230	無限動漫
8111958912268118735	Sandra und Woo
8112280317896333809	أريا مانجا
8123244641427878412	GhosToon
8130073422666383933	Lunar Manga
8131533018433339643	Manga Ball
8143442163119480220	K Manga
8144054169452081697	MangaFox.fun
8148939977393580424	nHentai.com (unoriginal)
8156789703798131884	AriaToon
8157748444640827548	Mangasusu
8158890639660553015	DGManga
8162695314495646445	GocTruyenTranh
8162821425156695837	xkcd
8162933120097302217	Komiktap
8163761313345392776	Akuma
8167173986295647123	Akuma
8172570803411087010	CManhua
8173282214298911566	MangaGG
8174267898467838103	สดใสเมะ
8174384290387590645	HentaiHand
8175862906648984382	League of Legends
8189813976393792973	nHentai.com (unoriginal)
8195282477201261072	Omoi
8196066207928937350	LeerMangaEsp
8197175895739916188	I Roved Out
8205252065972088770	The Library of Ohara
8205998909543626240	HentaiHand
8212157560459310944	PandaChaika
8219271831795034464	Biblio Panda
8220771912098311271	RitharScans
8221555371810647857	Manga Ball
8223107200339513324	Niadd
8246492784517686839	GlobalComix
8251758253314457060	Webtoons.com
8254121249433835847	MangaDex
8254209929759906152	Read One-Punch Man Manga Online
8258394658125354785	ManhwaDesu
8261703368756535165	Goraku Web
8272502917504358946	HentaiHand
8274834393370700931	nHentai.com (unoriginal)
8276119821263625468	Lunar Manga
8284219650954312474	Drake Scans
8284543629565327451	Mangas Scans
8293773554510083311	GlobalComix
8294739153755503988	Manga168
8300414741852788090	HentaiHand
8304537992959679621	Lunar Manga
8306394815737846919	nHentai.com (unoriginal)
8311223969496865438	Tappytoon
8311505150576608267	Hades no Fansub
8339625080404115366	MyReadingManga
8341594492961776810	MyReadingManga
8346821279138091413	CCC追漫台
8353987132172753017	Akuma
8354556596244088751	CyComi
8358097306709528603	MangaTaro
8358420357808595754	Eris Scans
8361715798247396418	OkyyKomik
8366859060427643716	Shirai Scans
8371548443782837856	Dragon Ball Multiverse
8373267671495516033	Raijin Scans
8376548397716758785	Hentai Scan Reader
8377507648400729012	HDoujin
8393977756208732343	Senkognito
8396089563187142394	カドコミ
8396340084333456288	NekoScans
8421979328901634475	Joymii Hub
8431849810637608898	Zenko
8433210273073845288	NeverScans
8440187396173658748	Valir Scans
8448310129093543312	MangaPill
8456404960509331854	Pink Rosa
8464554716285026308	Toon18
8468586261171749665	Shiro Doujin
8472215287946707583	VCP
8483137484881504884	Pornhwa18
8488289812807090783	HentaiHall
8489420317813224728	Komiku.com
8493327683322555504	Tooncubus
8504927104562262528	nHentai.com (unoriginal)
8512356093551591735	SchaleNetwork
8513894820944573933	Akaza Scans
8524245811050879736	Akuma
8524619729907384865	Akuma
8525996702535864887	Zerosum Online
8531542650987673943	Flame Comics
8533441259456905246	AsiaToon
8536147748985688790	WitchScans
8537659881437820380	Manhuarm
8541224312340631016	Inkapk
8542101819541236153	Dragon Ball Multiverse
8546397272954539389	Setsu Scans
8547169224512757621	Manhuarm
8547397037512613554	AllPornComic
8548374501079910130	MangaDex
8553752347472368081	League of Legends
8555144793292118035	nHentai.com (unoriginal)
8560199796461456661	Moodtoon
8566345145646340492	Sandra and Woo
8574043921162024664	Hachiraw
8578871918181236609	MangaDex
8586216664933826829	Honeytoon
8588684547293952127	Grim Scans
8593493873810750465	MikoRoku
8598370605081191622	Ortega Scans
8600626646399125374	Akuma
8601336865408732240	Mangahub
8611257855285214680	GlobalComix
8615096170305162493	3Hentai
8616495687402045560	OniSaga
8617573161604126293	EShadow
8618065660246087865	绅士会所
8620544519921042006	Lelscan
8622937201319058235	LinkManga
8634079728231059906	Mangakuri
8640201438684762638	HentaiFox
8643172240389130297	3Hentai
8643773902904736600	MAGCOMI
8647761747185981431	Lelmanga
8648105733020574748	Manga Ball
8654267899929745421	Kiwiya Scans
8655141799625656041	Comic Fury
8660336682320212854	GlobalComix
8664735734660636295	Webtoons.com
8666919453546333116	Magical Translators
8689080191405841403	MoeTruyen
8692263513374836785	Rage Scans
8698756602692547891	EveriaClub (unoriginal)
8708489334089410870	Tappytoon
8712903623054427832	Manga-5
8713024885922119175	SkyMangas
8715899195746116471	Coomer
8735588151075137817	vgperson
8743284448117690086	zero搬运网
8745608410209813897	Manga Ball
8749627068478740298	Webtoons.com
8751507648303673848	Kagane
8753096034341798862	Manta
8753851309776247979	Komik Dewasak
8755089223917220341	Kuroi Manga
8766832343449907432	DreComi+
8772354233322170397	Manga Ball
8773024089257004344	MangaDex
8778000927023046626	Hot Cabaret Scan
8779183423368672304	HOLONOMETRIA
8784054084293367959	RimacomiPlus
8787213233662904706	MangaCloud
8791972639916297003	Kagane
8795012289956874023	Dragon Ball Multiverse
8796296375202334266	11toon
8802607595629671202	LHTranslation
8814661622406768937	PandaChaika
8815089098147858609	AstralManga
8819952928004218630	Comic Fury
8823653003339002799	Tia Manhwa
8826192789792786070	MagKan
8830049663587145084	ZeurelScan
8834320474567176246	Kanzenin
8839994618804276749	SchaleNetwork
8842237058298566885	MyReadingManga
8851885792094862644	Dragon Ball Multiverse
8852449878379679769	Fenix Project
8861274191478178487	Arena Scans
8863831356505058723	LianScans
8868105176150575136	TuSachXinhXinh
8873510733793144577	NamiComi
8879875375160764811	Inmortal Scan
8883916630998758688	West Manga
8884149958776527952	MangaDex
8884198347282365114	EnchiladaScan
8884989104958593922	3Hentai
8900485893586998299	Yugen Mangás
8902732421830627437	Webtoon Hatti
8904806262353429205	Anisa Scans
8914871231496469978	Taimu Mangas
8916278596443930510	KomikNesia
8919726581572234359	WoopRead
8921189687191630727	League of Legends
8922529241027133892	MangaHoNa
8929946374100381402	Kagane
8930801332831394412	Read Attack on Titan Shingeki no Kyojin Manga
8935586841672178004	ManhwaManhua
8935908788702897887	Comick (Unoriginal)
8936307069044646761	Poseidon Scans
8944173268012372984	Học Viện 2Ten
8952567078513962586	MangaDex
8953466777316975228	KingComiX
8955531858664387570	SapphireScan
8957809252307939773	Rizz Comic (unoriginal)
8959585632192744096	MiniTwo Scan
8965174723997547979	Webcomics
8965918600406781666	Project Suki
8978307150219982189	Dragon Ball Multiverse
8989984812354857153	Mango Toons
8997140045479125847	Manhwa18.org
9005452006043030878	Vinnie Veritas - CCC
9016992318016575502	Kagane
9025563662441338944	Madara Scans
9030178752551947945	Manhua Plus
9030342464252097773	OniSaga
9036722702118837888	GlobalComix
9050053825457509475	ReaperTrans
9063123408669132087	TimelessToons
9068262319581900273	MangaWT
9071118557363497394	Honeytoon
9071935154458913856	Nuvia Toon
9079184529211162476	Violet Scans
9083257818102461515	Yaoi Flix
9084885867242726177	Manga Ball
9098484674492839156	HentaiHand
9117178890425713139	Lycan Toons
9119537447562549661	MyComic
9124366814387777661	NhentaiClub
9127464796236242233	MangaDex
9130638185861146476	Siren Scans FR
9142653224816805805	Simply Hentai
9148518200946142514	Aurora
9153097368891994905	King of Shojo
9155782272853059412	Uzay Manga
9160891278578525988	MangaHub
9161629559428486377	War For Rayuba
9165839893600661480	nHentai.com (unoriginal)
9170389107417152397	YSK Comics
9185590742756804817	Femjoy Hunter
9190914504602528025	HentaiZap
9191177608229286435	Sunshine Butterfly Scans
9194073792736219759	MangaDex
9200419821846585447	Tankou Hentai
9215856445653506967	Ler Mangas
9218696211252404910	Dragon Ball Multiverse
9220365500598403749	がうがうモンスター＋
9222445553932717105	Akuma
